{ 
	"name": "Test_Vtx_Nml",
	"metadata": { 
		"generator": "io_three",
		"type": "Geometry",
		"version": 3,
		"vertices": 92,
		"normals": 380,
		"faces": 180 
	},
	"vertices": [0.25,-0.951057,-0.181636,0.095491,-0.951057,-0.293893,-0.095492,-0.951057,-0.293893,-0.25,-0.951057,-0.181636,-0.309017,-0.951057,0,-0.25,-0.951057,0.181636,-0.095491,-0.951057,0.293893,0.095492,-0.951057,0.293893,0.25,-0.951057,0.181636,0.309017,-0.951057,0,0.475528,-0.809017,-0.345492,0.181636,-0.809017,-0.559017,-0.181636,-0.809017,-0.559017,-0.475528,-0.809017,-0.345491,-0.587785,-0.809017,0,-0.475528,-0.809017,0.345492,-0.181636,-0.809017,0.559017,0.181636,-0.809017,0.559017,0.475528,-0.809017,0.345491,0.587785,-0.809017,0,0.654509,-0.587785,-0.475528,0.25,-0.587785,-0.769421,-0.25,-0.587785,-0.769421,-0.654509,-0.587785,-0.475528,-0.809017,-0.587785,0,-0.654509,-0.587785,0.475528,-0.25,-0.587785,0.769421,0.25,-0.587785,0.769421,0.654509,-0.587785,0.475528,0.809017,-0.587785,0,0.769421,-0.309017,-0.559017,0.293893,-0.309017,-0.904509,-0.293893,-0.309017,-0.904509,-0.769421,-0.309017,-0.559017,-0.951057,-0.309017,0,-0.769421,-0.309017,0.559017,-0.293893,-0.309017,0.904509,0.293893,-0.309017,0.904509,0.769421,-0.309017,0.559017,0.951057,-0.309017,0,0.809017,0,-0.587785,0.309017,0,-0.951057,-0.309017,0,-0.951057,-0.809017,0,-0.587785,-1,0,0,-0.809017,0,0.587785,-0.309017,0,0.951057,0.309017,0,0.951057,0.809017,0,0.587785,1,0,0,0.769421,0.309017,-0.559017,0.293893,0.309017,-0.904509,-0.293893,0.309017,-0.904509,-0.769421,0.309017,-0.559017,-0.951057,0.309017,0,-0.769421,0.309017,0.559017,-0.293893,0.309017,0.904509,0.293893,0.309017,0.904509,0.769421,0.309017,0.559017,0.951057,0.309017,0,0.654509,0.587785,-0.475528,0.25,0.587785,-0.769421,-0.25,0.587785,-0.769421,-0.654509,0.587785,-0.475528,-0.809017,0.587785,0,-0.654509,0.587785,0.475528,-0.25,0.587785,0.769421,0.25,0.587785,0.769421,0.654509,0.587785,0.475528,0.809017,0.587785,0,0.475528,0.809017,-0.345492,0.181636,0.809017,-0.559017,-0.181636,0.809017,-0.559017,-0.475528,0.809017,-0.345491,-0.587785,0.809017,0,-0.475528,0.809017,0.345492,-0.181636,0.809017,0.559017,0.181636,0.809017,0.559017,0.475528,0.809017,0.345491,0.587785,0.809017,0,0.25,0.951057,-0.181636,0.095491,0.951057,-0.293893,-0.095492,0.951057,-0.293893,-0.25,0.951057,-0.181636,-0.309017,0.951057,0,-0.25,0.951057,0.181636,-0.095491,0.951057,0.293893,0.095492,0.951057,0.293893,0.25,0.951057,0.181636,0.309017,0.951057,0,0,-1,0,0,1,0],
	"normals": [0.277578,-0.881468,-0.382053,0.277578,-0.881468,-0.382053,0.277578,-0.881468,-0.382053,0.277578,-0.881468,-0.382053,0,-0.881468,-0.472244,0,-0.881468,-0.472244,0,-0.881468,-0.472244,0,-0.881468,-0.472243,-0.277578,-0.881468,-0.382053,-0.277578,-0.881468,-0.382053,-0.277578,-0.881468,-0.382053,-0.277578,-0.881468,-0.382053,-0.44913,-0.881468,-0.145932,-0.44913,-0.881468,-0.145931,-0.44913,-0.881468,-0.145931,-0.44913,-0.881468,-0.145931,-0.44913,-0.881468,0.145931,-0.449131,-0.881468,0.145931,-0.449131,-0.881468,0.145931,-0.449131,-0.881468,0.145932,-0.277578,-0.881468,0.382053,-0.277578,-0.881468,0.382053,-0.277578,-0.881468,0.382053,-0.277578,-0.881468,0.382053,0,-0.881468,0.472244,0,-0.881468,0.472244,0,-0.881468,0.472244,0,-0.881468,0.472244,0.277578,-0.881468,0.382053,0.277578,-0.881468,0.382053,0.277578,-0.881468,0.382053,0.277578,-0.881468,0.382053,0.44913,-0.881468,0.145931,0.449131,-0.881468,0.145931,0.449131,-0.881468,0.145931,0.449131,-0.881468,0.145931,0.449131,-0.881468,-0.145931,0.449131,-0.881468,-0.145931,0.449131,-0.881468,-0.145931,0.44913,-0.881468,-0.145931,0.425919,-0.689152,-0.586227,0.425919,-0.689152,-0.586227,0.425919,-0.689152,-0.586227,0.425919,-0.689152,-0.586227,0,-0.689152,-0.724617,0,-0.689152,-0.724617,0,-0.689152,-0.724617,0,-0.689152,-0.724617,-0.425919,-0.689152,-0.586228,-0.425919,-0.689152,-0.586227,-0.425919,-0.689152,-0.586227,-0.425919,-0.689152,-0.586227,-0.689152,-0.689152,-0.223919,-0.689152,-0.689152,-0.223919,-0.689152,-0.689152,-0.223919,-0.689152,-0.689152,-0.223919,-0.689152,-0.689152,0.223919,-0.689152,-0.689152,0.223919,-0.689152,-0.689152,0.223919,-0.689152,-0.689152,0.223919,-0.425919,-0.689152,0.586228,-0.425919,-0.689152,0.586227,-0.425919,-0.689152,0.586228,-0.425919,-0.689152,0.586227,0,-0.689152,0.724617,0,-0.689152,0.724617,0,-0.689152,0.724617,0,-0.689152,0.724617,0.425919,-0.689152,0.586228,0.425919,-0.689152,0.586227,0.425919,-0.689152,0.586227,0.425919,-0.689152,0.586227,0.689152,-0.689152,0.223919,0.689152,-0.689152,0.223919,0.689152,-0.689152,0.223919,0.689152,-0.689152,0.223919,0.689152,-0.689152,-0.223919,0.689152,-0.689152,-0.223919,0.689152,-0.689152,-0.223919,0.689152,-0.689152,-0.223919,0.528952,-0.436084,-0.728039,0.528952,-0.436083,-0.72804,0.528952,-0.436083,-0.72804,0.528951,-0.436083,-0.72804,0,-0.436084,-0.899906,0,-0.436083,-0.899906,0,-0.436083,-0.899906,0,-0.436083,-0.899906,-0.528952,-0.436084,-0.728039,-0.528952,-0.436083,-0.728039,-0.528952,-0.436084,-0.728039,-0.528952,-0.436083,-0.72804,-0.855862,-0.436084,-0.278086,-0.855862,-0.436083,-0.278086,-0.855862,-0.436084,-0.278086,-0.855862,-0.436083,-0.278086,-0.855862,-0.436083,0.278086,-0.855862,-0.436083,0.278086,-0.855862,-0.436083,0.278086,-0.855862,-0.436083,0.278086,-0.528951,-0.436083,0.72804,-0.528952,-0.436083,0.728039,-0.528952,-0.436083,0.72804,-0.528952,-0.436083,0.728039,0,-0.436083,0.899906,0,-0.436083,0.899906,0,-0.436083,0.899906,0,-0.436083,0.899906,0.528952,-0.436083,0.72804,0.528952,-0.436083,0.72804,0.528952,-0.436083,0.72804,0.528952,-0.436083,0.72804,0.855862,-0.436083,0.278086,0.855862,-0.436083,0.278086,0.855862,-0.436083,0.278086,0.855862,-0.436083,0.278086,0.855862,-0.436083,-0.278086,0.855862,-0.436084,-0.278086,0.855862,-0.436083,-0.278086,0.855862,-0.436084,-0.278086,0.581228,-0.148952,-0.799992,0.581228,-0.148952,-0.799992,0.581228,-0.148952,-0.799992,0.581228,-0.148952,-0.799992,0,-0.148952,-0.988844,0,-0.148952,-0.988844,0,-0.148952,-0.988844,0,-0.148952,-0.988844,-0.581228,-0.148952,-0.799992,-0.581228,-0.148952,-0.799992,-0.581228,-0.148952,-0.799992,-0.581228,-0.148952,-0.799992,-0.940447,-0.148952,-0.30557,-0.940447,-0.148952,-0.30557,-0.940447,-0.148952,-0.30557,-0.940447,-0.148952,-0.30557,-0.940447,-0.148952,0.30557,-0.940447,-0.148952,0.30557,-0.940447,-0.148952,0.30557,-0.940447,-0.148952,0.30557,-0.581228,-0.148952,0.799992,-0.581228,-0.148952,0.799992,-0.581228,-0.148952,0.799992,-0.581228,-0.148952,0.799992,0,-0.148952,0.988844,0,-0.148952,0.988844,0,-0.148952,0.988844,0,-0.148952,0.988844,0.581228,-0.148952,0.799992,0.581228,-0.148952,0.799992,0.581228,-0.148952,0.799992,0.581228,-0.148952,0.799992,0.940447,-0.148952,0.30557,0.940447,-0.148952,0.30557,0.940447,-0.148952,0.30557,0.940447,-0.148952,0.30557,0.940447,-0.148952,-0.30557,0.940447,-0.148952,-0.30557,0.940447,-0.148952,-0.30557,0.940447,-0.148952,-0.30557,0.581228,0.148952,-0.799992,0.581228,0.148952,-0.799992,0.581228,0.148952,-0.799992,0.581228,0.148952,-0.799992,0,0.148952,-0.988844,0,0.148952,-0.988844,0,0.148952,-0.988844,0,0.148952,-0.988844,-0.581228,0.148952,-0.799992,-0.581228,0.148952,-0.799992,-0.581228,0.148952,-0.799992,-0.581228,0.148952,-0.799992,-0.940447,0.148952,-0.30557,-0.940447,0.148952,-0.30557,-0.940447,0.148952,-0.30557,-0.940447,0.148952,-0.30557,-0.940447,0.148952,0.30557,-0.940447,0.148952,0.30557,-0.940447,0.148952,0.30557,-0.940447,0.148952,0.30557,-0.581228,0.148952,0.799992,-0.581228,0.148952,0.799992,-0.581228,0.148952,0.799992,-0.581228,0.148952,0.799992,0,0.148952,0.988844,0,0.148952,0.988844,0,0.148952,0.988844,0,0.148952,0.988844,0.581228,0.148952,0.799992,0.581228,0.148952,0.799992,0.581228,0.148952,0.799992,0.581228,0.148952,0.799992,0.940447,0.148952,0.30557,0.940447,0.148952,0.30557,0.940447,0.148952,0.30557,0.940447,0.148952,0.30557,0.940447,0.148952,-0.30557,0.940447,0.148952,-0.30557,0.940447,0.148952,-0.30557,0.940447,0.148952,-0.305569,0.528952,0.436084,-0.728039,0.528951,0.436083,-0.72804,0.528952,0.436084,-0.728039,0.528951,0.436083,